f_airport_code,f_airport_type,f_terminal_count,f_is_international,f_has_transit_hotel,f_has_lounge
SIN,large_airport,4,true,true,true
HKG,large_airport,2,true,true,true
LHR,large_airport,4,true,true,true
YVR,large_airport,2,true,true,true
SUB,large_airport,2,true,false,true
SGN,large_airport,3,true,false,true
TRV,large_airport,2,true,false,true
TPE,large_airport,2,true,true,true
SYD,large_airport,3,true,true,true
SZG,large_airport,2,true,false,true
PEN,large_airport,1,true,false,true
PEK,large_airport,3,true,true,true
NGO,large_airport,2,true,true,true
NRT,large_airport,3,true,true,true
RUH,large_airport,5,true,false,true
PVG,large_airport,4,true,true,true
BKK,large_airport,2,true,true,true
BNE,large_airport,2,true,false,true
BOM,large_airport,2,true,true,true
BWN,large_airport,1,true,true,true
CGK,large_airport,3,true,true,true
CPT,large_airport,2,true,false,true
DAC,large_airport,3,true,false,true
DPS,large_airport,2,true,true,true
MDC,large_airport,1,true,false,true
PLM,medium_airport,1,true,false,true
PNH,large_airport,2,true,false,false
KLU,large_airport,1,true,false,false
SEA,large_airport,3,true,false,true
VIE,large_airport,4,true,false,true
KUL,large_airport,3,true,true,true
MLE,large_airport,3,true,false,true
MNL,large_airport,4,true,true,true
MAN,large_airport,2,true,false,true
LNZ,large_airport,1,true,false,true
CNX,large_airport,2,true,false,true
COK,large_airport,3,true,true,true
LAX,large_airport,9,true,false,true
GRZ,large_airport,1,true,false,true
HND,large_airport,3,true,true,true
HYD,large_airport,1,true,false,true
ICN,large_airport,2,true,true,true
GVA,large_airport,2,true,false,true
HAN,large_airport,2,true,true,true
KCH,large_airport,1,true,false,true
FRA,large_airport,2,true,true,true
FUK,large_airport,2,true,false,true
FCO,large_airport,2,true,true,true
CTS,large_airport,2,true,true,true
DVO,large_airport,1,true,false,true
DXB,large_airport,3,true,true,true
EWR,large_airport,3,true,false,true
KTM,large_airport,2,true,false,true
LGK,medium_airport,1,true,false,true
IST,large_airport,1,true,true,true
DEL,large_airport,3,true,true,true
BLR,large_airport,2,true,true,true
BCN,large_airport,2,true,true,true
PKU,medium_airport,1,true,false,true
CMB,large_airport,3,true,true,true
CAN,large_airport,3,true,true,true
CCU,large_airport,1,true,false,true
BRU,large_airport,1,true,false,true
CKG,large_airport,3,true,false,true
CEB,large_airport,2,true,false,true
AMD,large_airport,2,true,false,true
LOP,large_airport,1,true,false,true
ATH,large_airport,2,true,false,true
ADL,large_airport,1,true,false,true
AKL,large_airport,2,true,false,true
DME,large_airport,1,true,false,true
CHC,large_airport,1,true,false,true
RGN,large_airport,3,true,false,true
CPH,large_airport,2,true,false,true
JNB,large_airport,2,true,true,true
BKI,large_airport,1,true,false,true
REP,closed,0,false,false,false
JED,large_airport,3,true,false,true
HAK,large_airport,2,true,true,true
HDY,large_airport,1,true,false,true
CNS,large_airport,2,true,false,true
ATQ,large_airport,2,true,false,true
IPH,large_airport,1,true,false,false
KBV,large_airport,3,true,false,true
KUA,medium_airport,1,true,false,false
NKG,large_airport,2,true,false,true
OOL,large_airport,1,true,false,true
MFM,large_airport,1,true,false,true
SHE,large_airport,1,true,false,true
SRG,large_airport,1,true,false,true
PUS,large_airport,2,true,false,true
TSN,large_airport,2,true,false,true
CRK,large_airport,1,true,false,true
XIY,large_airport,4,true,false,true
WUH,large_airport,2,true,false,true
BER,large_airport,2,true,true,true
MAA,large_airport,4,true,true,true
KNO,large_airport,2,true,false,true
TRZ,large_airport,1,true,false,true
BDO,medium_airport,1,false,false,false
VTE,large_airport,2,true,false,true
CJU,large_airport,1,true,false,true
KIX,large_airport,2,true,true,true
MUC,large_airport,3,true,true,true
INN,large_airport,1,true,false,true
ZRH,large_airport,3,true,true,true
MDL,large_airport,1,true,false,true
CDG,large_airport,3,true,true,true
AMS,large_airport,1,true,true,true
PER,large_airport,4,true,false,true
MEL,large_airport,4,true,false,true
MXP,large_airport,2,true,true,true
CGO,large_airport,2,true,false,true
KHN,large_airport,2,true,false,true
NNG,large_airport,1,true,false,true
TNA,large_airport,1,true,false,true
TAO,large_airport,1,true,true,true
DRW,large_airport,1,true,false,true
BPN,large_airport,1,true,false,true
UPG,large_airport,1,true,false,true
HKT,large_airport,2,true,false,true
SFO,large_airport,4,true,true,true
JFK,large_airport,5,true,true,true
FOC,large_airport,1,true,false,true
NGB,large_airport,2,true,false,true
BRS,large_airport,1,true,false,true
CWL,large_airport,1,true,false,true
OKA,large_airport,1,true,false,true
SWA,medium_airport,2,true,false,true
HGH,large_airport,4,true,false,true
LGW,large_airport,2,true,true,true
PSR,large_airport,1,true,false,true
TPS,medium_airport,1,true,false,true
YIA,medium_airport,1,true,false,true
OLB,large_airport,1,true,false,true
AHO,medium_airport,1,true,false,true
CJB,large_airport,1,true,false,true
VTZ,large_airport,1,true,false,true
MYY,medium_airport,1,true,false,true
TFU,large_airport,2,true,true,true
SAI,large_airport,1,true,false,true
AOR,medium_airport,1,false,false,false
JHB,large_airport,1,true,false,true
TGG,medium_airport,1,false,false,false
BTU,medium_airport,1,false,false,false
SBW,medium_airport,1,false,false,true
LBU,medium_airport,1,false,false,true
SDK,medium_airport,1,false,false,true
TWU,medium_airport,1,false,false,true
PKX,large_airport,1,true,true,true
SZB,large_airport,1,true,false,true
MKZ,medium_airport,1,true,false,false
KJT,medium_airport,1,true,false,true
PDG,medium_airport,1,true,false,true
PQC,large_airport,2,true,false,true
ILO,large_airport,1,true,false,true
KTI,large_airport,1,true,false,true
LBJ,small_airport,1,true,false,false
KBR,medium_airport,1,false,false,false
DAD,large_airport,2,true,false,true
CEI,large_airport,1,true,false,true
