f_destination_country_code,f_passport_country_code,f_country_visa_required,f_visa_policy_code,f_online_apply_url,f_visa_duration_days
SG,SG,no,visa_not_required,,
HK,SG,no,visa_not_required,,90
GB,SG,no,visa_not_required,,180
CA,SG,no,visa_not_required,,180
ID,SG,no,visa_not_required,,30
VN,SG,no,visa_not_required,,30
IN,SG,yes,evisa_required,https://www.indianvisaonline.gov.in/evisa/tvoa.html,90
TW,SG,no,visa_not_required,,30
AU,SG,no,visa_not_required,,90
AT,SG,no,visa_not_required,,90
MY,SG,no,visa_not_required,,30
CN,SG,no,visa_not_required,,30
JP,SG,no,visa_not_required,,90
SA,SG,yes,evisa_or_visa_on_arrival,https://visa.visitsaudi.com/,90
TH,SG,no,visa_not_required,,60
BN,SG,no,visa_not_required,,30
ZA,SG,no,visa_not_required,,90
BD,SG,yes,visa_on_arrival,,30
KH,SG,no,visa_not_required,,30
US,SG,no,visa_not_required,,90
MV,SG,yes,visa_on_arrival,,30
PH,SG,no,visa_not_required,,30
KR,SG,no,visa_not_required,,90
CH,SG,no,visa_not_required,,90
DE,SG,no,visa_not_required,,90
IT,SG,no,visa_not_required,,90
AE,SG,no,visa_not_required,,90
NP,SG,yes,evisa_or_visa_on_arrival,https://www.immigration.gov.np/en/post/online-visa-application-12,90
TR,SG,no,visa_not_required,,90
ES,SG,no,visa_not_required,,90
LK,SG,no,visa_not_required,,30
BE,SG,no,visa_not_required,,90
GR,SG,no,visa_not_required,,90
NZ,SG,no,visa_not_required,,90
RU,SG,yes,evisa_required,https://evisa.kdmid.ru/,16
MM,SG,no,visa_not_required,,30
DK,SG,no,visa_not_required,,90
MO,SG,no,visa_not_required,,30
LA,SG,no,visa_not_required,,30
FR,SG,no,visa_not_required,,90
NL,SG,no,visa_not_required,,90
SG,HK,no,visa_not_required,,30
HK,HK,no,visa_not_required,,
GB,HK,no,visa_not_required,,180
CA,HK,no,visa_not_required,,180
ID,HK,no,visa_not_required,,30
VN,HK,yes,evisa_required,https://evisa.gov.vn/,90
IN,HK,yes,visa_required,,90
TW,HK,yes,evisa_or_visa_on_arrival,https://visawebapp.boca.gov.tw/BOCA_EVISA/MRV04FORM.do,30
AU,HK,no,visa_not_required,,90
AT,HK,no,visa_not_required,,90
MY,HK,no,visa_not_required,,90
CN,HK,no,visa_not_required,,7
JP,HK,no,visa_not_required,,90
SA,HK,yes,evisa_or_visa_on_arrival,https://visa.visitsaudi.com/,90
TH,HK,no,visa_not_required,,60
BN,HK,no,visa_not_required,,14
ZA,HK,no,visa_not_required,,30
BD,HK,yes,visa_on_arrival,,30
KH,HK,yes,evisa_or_visa_on_arrival,https://www.evisa.gov.kh/,30
US,HK,yes,visa_required,,180
MV,HK,yes,visa_on_arrival,,30
PH,HK,no,visa_not_required,,14
KR,HK,no,visa_not_required,,90
CH,HK,no,visa_not_required,,90
DE,HK,no,visa_not_required,,90
IT,HK,no,visa_not_required,,90
AE,HK,no,visa_not_required,,30
NP,HK,yes,evisa_or_visa_on_arrival,https://www.immigration.gov.np/en/post/online-visa-application-12,90
TR,HK,no,visa_not_required,,90
ES,HK,no,visa_not_required,,90
LK,HK,yes,evisa_or_visa_on_arrival,https://www.eta.gov.lk/slvisa/visainfo/center.jsp?lang=en&locale=en_US,30
BE,HK,no,visa_not_required,,90
GR,HK,no,visa_not_required,,90
NZ,HK,no,visa_not_required,,90
RU,HK,no,visa_not_required,,14
MM,HK,yes,visa_on_arrival,,30
DK,HK,no,visa_not_required,,90
MO,HK,no,visa_not_required,,365
LA,HK,no,visa_not_required,,30
FR,HK,no,visa_not_required,,90
NL,HK,no,visa_not_required,,90
SG,GB,no,visa_not_required,,90
HK,GB,no,visa_not_required,,180
GB,GB,no,visa_not_required,,
CA,GB,no,visa_not_required,,180
ID,GB,no,visa_not_required,,30
VN,GB,no,visa_not_required,,45
IN,GB,yes,evisa_required,https://www.indianvisaonline.gov.in/evisa/tvoa.html,180
TW,GB,no,visa_not_required,,90
AU,GB,no,visa_not_required,,90
AT,GB,no,visa_not_required,,90
MY,GB,no,visa_not_required,,90
CN,GB,no,visa_not_required,,30
JP,GB,no,visa_not_required,,90
SA,GB,yes,evisa_or_visa_on_arrival,https://visa.visitsaudi.com/,90
TH,GB,no,visa_not_required,,60
BN,GB,no,visa_not_required,,90
ZA,GB,no,visa_not_required,,90
BD,GB,yes,visa_on_arrival,,30
KH,GB,yes,evisa_or_visa_on_arrival,https://www.evisa.gov.kh/,30
US,GB,no,visa_not_required,,90
MV,GB,yes,visa_on_arrival,,30
PH,GB,no,visa_not_required,,30
KR,GB,no,visa_not_required,,90
CH,GB,no,visa_not_required,,90
DE,GB,no,visa_not_required,,90
IT,GB,no,visa_not_required,,90
AE,GB,no,visa_not_required,,90
NP,GB,yes,evisa_or_visa_on_arrival,https://www.immigration.gov.np/en/post/online-visa-application-12,90
TR,GB,no,visa_not_required,,90
ES,GB,no,visa_not_required,,90
LK,GB,no,visa_not_required,,30
BE,GB,no,visa_not_required,,90
GR,GB,no,visa_not_required,,90
NZ,GB,no,visa_not_required,,90
RU,GB,yes,evisa_required,https://evisa.kdmid.ru/,16
MM,GB,yes,evisa_required,https://evisa.moip.gov.mm/,28
DK,GB,no,visa_not_required,,90
MO,GB,no,visa_not_required,,180
LA,GB,yes,evisa_or_visa_on_arrival,https://laoevisa.gov.la/,30
FR,GB,no,visa_not_required,,90
NL,GB,no,visa_not_required,,90
SG,CA,no,visa_not_required,,30
HK,CA,no,visa_not_required,,90
GB,CA,no,visa_not_required,,180
CA,CA,no,visa_not_required,,
ID,CA,yes,evisa_or_visa_on_arrival,https://evisa.imigrasi.go.id/,30
VN,CA,yes,evisa_required,https://evisa.gov.vn/,90
IN,CA,yes,evisa_required,https://www.indianvisaonline.gov.in/evisa/tvoa.html,180
TW,CA,no,visa_not_required,,90
AU,CA,no,visa_not_required,,90
AT,CA,no,visa_not_required,,90
MY,CA,no,visa_not_required,,90
CN,CA,no,visa_not_required,,30
JP,CA,no,visa_not_required,,90
SA,CA,yes,evisa_or_visa_on_arrival,https://visa.visitsaudi.com/,90
TH,CA,no,visa_not_required,,60
BN,CA,no,visa_not_required,,14
ZA,CA,no,visa_not_required,,90
BD,CA,yes,visa_on_arrival,,30
KH,CA,yes,evisa_or_visa_on_arrival,https://www.evisa.gov.kh/,30
US,CA,no,visa_not_required,,180
MV,CA,yes,visa_on_arrival,,30
PH,CA,no,visa_not_required,,30
KR,CA,no,visa_not_required,,180
CH,CA,no,visa_not_required,,90
DE,CA,no,visa_not_required,,90
IT,CA,no,visa_not_required,,90
AE,CA,no,visa_not_required,,30
NP,CA,yes,evisa_or_visa_on_arrival,https://www.immigration.gov.np/en/post/online-visa-application-12,90
TR,CA,no,visa_not_required,,90
ES,CA,no,visa_not_required,,90
LK,CA,no,visa_not_required,,30
BE,CA,no,visa_not_required,,90
GR,CA,no,visa_not_required,,90
NZ,CA,no,visa_not_required,,90
RU,CA,yes,evisa_required,https://evisa.kdmid.ru/,16
MM,CA,yes,evisa_required,https://evisa.moip.gov.mm/,28
DK,CA,no,visa_not_required,,90
MO,CA,no,visa_not_required,,90
LA,CA,yes,evisa_or_visa_on_arrival,https://laoevisa.gov.la/,30
FR,CA,no,visa_not_required,,90
NL,CA,no,visa_not_required,,90
SG,ID,no,visa_not_required,,30
HK,ID,no,visa_not_required,,30
GB,ID,yes,visa_required,,180
CA,ID,yes,visa_required,,180
ID,ID,no,visa_not_required,,
VN,ID,no,visa_not_required,,30
IN,ID,yes,evisa_required,https://www.indianvisaonline.gov.in/evisa/tvoa.html,90
TW,ID,yes,visa_required,,30
AU,ID,yes,evisa_required,https://immi.homeaffairs.gov.au/help-support/applying-online-or-on-paper/online,90
AT,ID,yes,visa_required,,90
MY,ID,no,visa_not_required,,30
CN,ID,yes,visa_required,,30
JP,ID,no,visa_not_required,,15
SA,ID,yes,visa_required,,90
TH,ID,no,visa_not_required,,60
BN,ID,no,visa_not_required,,14
ZA,ID,no,visa_not_required,,30
BD,ID,yes,visa_on_arrival,,30
KH,ID,no,visa_not_required,,30
US,ID,yes,visa_required,,180
MV,ID,yes,visa_on_arrival,,30
PH,ID,no,visa_not_required,,30
KR,ID,yes,visa_required,,90
CH,ID,yes,visa_required,,90
DE,ID,yes,visa_required,,90
IT,ID,yes,visa_required,,90
AE,ID,yes,visa_required,,30
NP,ID,yes,evisa_or_visa_on_arrival,https://www.immigration.gov.np/en/post/online-visa-application-12,90
TR,ID,no,visa_not_required,,30
ES,ID,yes,visa_required,,90
LK,ID,yes,eta_required,https://www.eta.gov.lk/slvisa/visainfo/center.jsp?lang=en&locale=en_US,30
BE,ID,yes,visa_required,,90
GR,ID,yes,visa_required,,90
NZ,ID,yes,visa_required,,180
RU,ID,yes,evisa_required,https://evisa.kdmid.ru/,16
MM,ID,no,visa_not_required,,14
DK,ID,yes,visa_required,,90
MO,ID,no,visa_not_required,,30
LA,ID,no,visa_not_required,,30
FR,ID,yes,visa_required,,90
NL,ID,yes,visa_required,,90
SG,VN,no,visa_not_required,,30
HK,VN,yes,evisa_required,https://www.gov.hk/en/nonresidents/visarequire/visasentrypermits/applyvisit_transit.htm,30
GB,VN,yes,visa_required,,180
CA,VN,yes,visa_required,,180
ID,VN,no,visa_not_required,,30
VN,VN,no,visa_not_required,,
IN,VN,yes,evisa_required,https://www.indianvisaonline.gov.in/evisa/tvoa.html,90
TW,VN,yes,visa_required,,30
AU,VN,yes,visa_required,,90
AT,VN,yes,visa_required,,90
MY,VN,no,visa_not_required,,30
CN,VN,yes,visa_required,,30
JP,VN,yes,visa_required,,90
SA,VN,yes,visa_required,,90
TH,VN,no,visa_not_required,,60
BN,VN,no,visa_not_required,,14
ZA,VN,yes,visa_required,,30
BD,VN,yes,visa_on_arrival,,30
KH,VN,no,visa_not_required,,30
US,VN,yes,visa_required,,180
MV,VN,yes,visa_on_arrival,,30
PH,VN,no,visa_not_required,,21
KR,VN,yes,visa_required,,90
CH,VN,yes,visa_required,,90
DE,VN,yes,visa_required,,90
IT,VN,yes,visa_required,,90
AE,VN,yes,evisa_required,https://icp.gov.ae/en/,30
NP,VN,yes,evisa_or_visa_on_arrival,https://www.immigration.gov.np/en/post/online-visa-application-12,90
TR,VN,yes,visa_required,,30
ES,VN,yes,visa_required,,90
LK,VN,yes,eta_required,https://www.eta.gov.lk/slvisa/visainfo/center.jsp?lang=en&locale=en_US,30
BE,VN,yes,visa_required,,90
GR,VN,yes,visa_required,,90
NZ,VN,yes,visa_required,,180
RU,VN,yes,visa_required,,30
MM,VN,no,visa_not_required,,14
DK,VN,yes,visa_required,,90
MO,VN,yes,visa_required,,30
LA,VN,no,visa_not_required,,30
FR,VN,yes,visa_required,,90
NL,VN,yes,visa_required,,90
SG,IN,yes,evisa_required,https://www.ica.gov.sg/enter-transit-depart/entering-singapore/visa_requirements,30
HK,IN,no,visa_not_required,,14
GB,IN,yes,visa_required,,180
CA,IN,yes,visa_required,,180
ID,IN,yes,evisa_or_visa_on_arrival,https://evisa.imigrasi.go.id/,30
VN,IN,yes,evisa_required,https://evisa.gov.vn/,90
IN,IN,no,visa_not_required,,
TW,IN,yes,visa_required,,30
AU,IN,yes,visa_required,,90
AT,IN,yes,visa_required,,90
MY,IN,no,visa_not_required,,30
CN,IN,yes,visa_required,,30
JP,IN,yes,evisa_required,https://www.mofa.go.jp/j_info/visit/visa/visaonline.html,90
SA,IN,yes,evisa_required,https://visa.visitsaudi.com/,90
TH,IN,no,visa_not_required,,60
BN,IN,yes,visa_required,,14
ZA,IN,no,visa_not_required,,90
BD,IN,yes,visa_required,,30
KH,IN,yes,evisa_or_visa_on_arrival,https://www.evisa.gov.kh/,30
US,IN,yes,visa_required,,180
MV,IN,yes,visa_on_arrival,,30
PH,IN,no,visa_not_required,,14
KR,IN,yes,visa_required,,90
CH,IN,yes,visa_required,,90
DE,IN,yes,visa_required,,90
IT,IN,yes,visa_required,,90
AE,IN,yes,evisa_required,https://icp.gov.ae/en/,30
NP,IN,no,visa_not_required,,90
TR,IN,yes,visa_required,,30
ES,IN,yes,visa_required,,90
LK,IN,yes,eta_required,https://www.eta.gov.lk/slvisa/visainfo/center.jsp?lang=en&locale=en_US,30
BE,IN,yes,visa_required,,90
GR,IN,yes,visa_required,,90
NZ,IN,yes,visa_required,,180
RU,IN,yes,evisa_required,https://evisa.kdmid.ru/,16
MM,IN,yes,evisa_required,https://evisa.moip.gov.mm/,28
DK,IN,yes,visa_required,,90
MO,IN,no,visa_not_required,,30
LA,IN,yes,evisa_or_visa_on_arrival,https://laoevisa.gov.la/,30
FR,IN,yes,visa_required,,90
NL,IN,yes,visa_required,,90
SG,TW,no,visa_not_required,,30
HK,TW,yes,evisa_required,https://www.gov.hk/en/nonresidents/visarequire/visasentrypermits/applyvisit_transit.htm,30
GB,TW,no,visa_not_required,,180
CA,TW,no,visa_not_required,,180
ID,TW,yes,evisa_or_visa_on_arrival,https://evisa.imigrasi.go.id/,30
VN,TW,yes,evisa_required,https://evisa.gov.vn/,90
IN,TW,yes,evisa_required,https://www.indianvisaonline.gov.in/evisa/tvoa.html,90
TW,TW,no,visa_not_required,,
AU,TW,no,visa_not_required,,90
AT,TW,no,visa_not_required,,90
MY,TW,no,visa_not_required,,30
CN,TW,yes,visa_required,,30
JP,TW,no,visa_not_required,,90
SA,TW,yes,evisa_required,https://visa.visitsaudi.com/,90
TH,TW,no,visa_not_required,,60
BN,TW,no,visa_not_required,,14
ZA,TW,yes,visa_required,,90
BD,TW,yes,visa_on_arrival,,30
KH,TW,yes,evisa_or_visa_on_arrival,https://www.evisa.gov.kh/,30
US,TW,no,visa_not_required,,90
MV,TW,yes,visa_on_arrival,,30
PH,TW,no,visa_not_required,,14
KR,TW,no,visa_not_required,,90
CH,TW,no,visa_not_required,,90
DE,TW,no,visa_not_required,,90
IT,TW,no,visa_not_required,,90
AE,TW,yes,evisa_required,https://icp.gov.ae/en/,30
NP,TW,yes,visa_on_arrival,,90
TR,TW,yes,visa_required,,30
ES,TW,no,visa_not_required,,90
LK,TW,yes,eta_required,https://www.eta.gov.lk/slvisa/visainfo/center.jsp?lang=en&locale=en_US,30
BE,TW,no,visa_not_required,,90
GR,TW,no,visa_not_required,,90
NZ,TW,no,visa_not_required,,90
RU,TW,yes,evisa_required,https://evisa.kdmid.ru/,16
MM,TW,yes,evisa_required,https://evisa.moip.gov.mm/,28
DK,TW,no,visa_not_required,,90
MO,TW,no,visa_not_required,,30
LA,TW,yes,evisa_or_visa_on_arrival,https://laoevisa.gov.la/,30
FR,TW,no,visa_not_required,,90
NL,TW,no,visa_not_required,,90
SG,AU,no,visa_not_required,,90
HK,AU,no,visa_not_required,,90
GB,AU,no,visa_not_required,,180
CA,AU,no,visa_not_required,,180
ID,AU,yes,evisa_or_visa_on_arrival,https://evisa.imigrasi.go.id/,30
VN,AU,yes,evisa_required,https://evisa.gov.vn/,90
IN,AU,yes,evisa_required,https://www.indianvisaonline.gov.in/evisa/tvoa.html,90
TW,AU,no,visa_not_required,,90
AU,AU,no,visa_not_required,,
AT,AU,no,visa_not_required,,90
MY,AU,no,visa_not_required,,90
CN,AU,no,visa_not_required,,30
JP,AU,no,visa_not_required,,90
SA,AU,yes,evisa_or_visa_on_arrival,https://visa.visitsaudi.com/,90
TH,AU,no,visa_not_required,,60
BN,AU,yes,visa_required,,14
ZA,AU,no,visa_not_required,,90
BD,AU,yes,visa_on_arrival,,30
KH,AU,yes,evisa_or_visa_on_arrival,https://www.evisa.gov.kh/,30
US,AU,no,visa_not_required,,90
MV,AU,yes,visa_on_arrival,,30
PH,AU,no,visa_not_required,,30
KR,AU,no,visa_not_required,,90
CH,AU,no,visa_not_required,,90
DE,AU,no,visa_not_required,,90
IT,AU,no,visa_not_required,,90
AE,AU,no,visa_not_required,,90
NP,AU,yes,evisa_or_visa_on_arrival,https://www.immigration.gov.np/en/post/online-visa-application-12,90
TR,AU,yes,evisa_required,https://www.evisa.gov.tr/en/,30
ES,AU,no,visa_not_required,,90
LK,AU,yes,eta_required,https://www.eta.gov.lk/slvisa/visainfo/center.jsp?lang=en&locale=en_US,30
BE,AU,no,visa_not_required,,90
GR,AU,no,visa_not_required,,90
NZ,AU,no,visa_not_required,,90
RU,AU,yes,evisa_required,https://evisa.kdmid.ru/,16
MM,AU,yes,evisa_required,https://evisa.moip.gov.mm/,28
DK,AU,no,visa_not_required,,90
MO,AU,no,visa_not_required,,30
LA,AU,yes,evisa_or_visa_on_arrival,https://laoevisa.gov.la/,30
FR,AU,no,visa_not_required,,90
NL,AU,no,visa_not_required,,90
SG,AT,no,visa_not_required,,90
HK,AT,no,visa_not_required,,90
GB,AT,no,visa_not_required,,180
CA,AT,no,visa_not_required,,180
ID,AT,yes,evisa_or_visa_on_arrival,https://evisa.imigrasi.go.id/,30
VN,AT,yes,evisa_required,https://evisa.gov.vn/,90
IN,AT,yes,evisa_required,https://www.indianvisaonline.gov.in/evisa/tvoa.html,90
TW,AT,no,visa_not_required,,90
AU,AT,no,visa_not_required,,90
AT,AT,no,visa_not_required,,
MY,AT,no,visa_not_required,,90
CN,AT,no,visa_not_required,,30
JP,AT,no,visa_not_required,,90
SA,AT,yes,evisa_or_visa_on_arrival,https://visa.visitsaudi.com/,90
TH,AT,no,visa_not_required,,60
BN,AT,no,visa_not_required,,14
ZA,AT,no,visa_not_required,,90
BD,AT,yes,visa_on_arrival,,30
KH,AT,yes,evisa_or_visa_on_arrival,https://www.evisa.gov.kh/,30
US,AT,no,visa_not_required,,90
MV,AT,yes,visa_on_arrival,,30
PH,AT,no,visa_not_required,,30
KR,AT,no,visa_not_required,,90
CH,AT,no,visa_not_required,,90
DE,AT,no,visa_not_required,,90
IT,AT,no,visa_not_required,,90
AE,AT,no,visa_not_required,,90
NP,AT,yes,evisa_or_visa_on_arrival,https://www.immigration.gov.np/en/post/online-visa-application-12,90
TR,AT,no,visa_not_required,,90
ES,AT,no,visa_not_required,,90
LK,AT,yes,eta_required,https://www.eta.gov.lk/slvisa/visainfo/center.jsp?lang=en&locale=en_US,30
BE,AT,no,visa_not_required,,90
GR,AT,no,visa_not_required,,90
NZ,AT,no,visa_not_required,,90
RU,AT,yes,evisa_required,https://evisa.kdmid.ru/,16
MM,AT,yes,evisa_required,https://evisa.moip.gov.mm/,28
DK,AT,no,visa_not_required,,90
MO,AT,no,visa_not_required,,30
LA,AT,yes,evisa_or_visa_on_arrival,https://laoevisa.gov.la/,30
FR,AT,no,visa_not_required,,90
NL,AT,no,visa_not_required,,90
SG,MY,no,visa_not_required,,30
HK,MY,no,visa_not_required,,90
GB,MY,no,visa_not_required,,180
CA,MY,no,visa_not_required,,180
ID,MY,no,visa_not_required,,30
VN,MY,no,visa_not_required,,30
IN,MY,yes,evisa_required,https://www.indianvisaonline.gov.in/evisa/tvoa.html,90
TW,MY,no,visa_not_required,,30
AU,MY,no,visa_not_required,,90
AT,MY,no,visa_not_required,,90
MY,MY,no,visa_not_required,,
CN,MY,no,visa_not_required,,30
JP,MY,no,visa_not_required,,90
SA,MY,yes,evisa_or_visa_on_arrival,https://visa.visitsaudi.com/,90
TH,MY,no,visa_not_required,,60
BN,MY,no,visa_not_required,,14
ZA,MY,no,visa_not_required,,90
BD,MY,yes,visa_on_arrival,,30
KH,MY,no,visa_not_required,,30
US,MY,yes,visa_required,,180
MV,MY,yes,visa_on_arrival,,30
PH,MY,no,visa_not_required,,30
KR,MY,no,visa_not_required,,90
CH,MY,no,visa_not_required,,90
DE,MY,no,visa_not_required,,90
IT,MY,no,visa_not_required,,90
AE,MY,no,visa_not_required,,30
NP,MY,yes,evisa_or_visa_on_arrival,https://www.immigration.gov.np/en/post/online-visa-application-12,90
TR,MY,no,visa_not_required,,90
ES,MY,no,visa_not_required,,90
LK,MY,yes,eta_required,https://www.eta.gov.lk/slvisa/visainfo/center.jsp?lang=en&locale=en_US,30
BE,MY,no,visa_not_required,,90
GR,MY,no,visa_not_required,,90
NZ,MY,no,visa_not_required,,90
RU,MY,yes,evisa_required,https://evisa.kdmid.ru/,16
MM,MY,no,visa_not_required,,14
DK,MY,no,visa_not_required,,90
MO,MY,no,visa_not_required,,30
LA,MY,no,visa_not_required,,30
FR,MY,no,visa_not_required,,90
NL,MY,no,visa_not_required,,90
SG,CN,no,visa_not_required,,30
HK,CN,no,visa_not_required,,7
GB,CN,yes,visa_required,,180
CA,CN,yes,visa_required,,180
ID,CN,yes,evisa_or_visa_on_arrival,https://evisa.imigrasi.go.id/,30
VN,CN,no,visa_not_required,,30
IN,CN,yes,evisa_required,https://www.indianvisaonline.gov.in/evisa/tvoa.html,90
TW,CN,yes,visa_required,,30
AU,CN,yes,visa_required,,90
AT,CN,yes,visa_required,,90
MY,CN,no,visa_not_required,,30
CN,CN,no,visa_not_required,,
JP,CN,no,visa_not_required,,30
SA,CN,yes,evisa_required,https://visa.visitsaudi.com/,90
TH,CN,no,visa_not_required,,30
BN,CN,yes,visa_required,,14
ZA,CN,yes,evisa_required,,30
BD,CN,yes,visa_on_arrival,,30
KH,CN,yes,evisa_or_visa_on_arrival,https://www.evisa.gov.kh/,30
US,CN,yes,visa_required,,180
MV,CN,yes,visa_on_arrival,,30
PH,CN,yes,visa_required,,30
KR,CN,yes,visa_required,,90
CH,CN,yes,visa_required,,90
DE,CN,yes,visa_required,,90
IT,CN,yes,visa_required,,90
AE,CN,yes,visa_required,,30
NP,CN,yes,evisa_or_visa_on_arrival,https://www.immigration.gov.np/en/post/online-visa-application-12,90
TR,CN,yes,evisa_required,https://www.evisa.gov.tr/en/,30
ES,CN,yes,visa_required,,90
LK,CN,yes,eta_required,https://www.eta.gov.lk/slvisa/visainfo/center.jsp?lang=en&locale=en_US,30
BE,CN,yes,visa_required,,90
GR,CN,yes,visa_required,,90
NZ,CN,yes,visa_required,,180
RU,CN,no,visa_not_required,,30
MM,CN,yes,evisa_required,https://evisa.moip.gov.mm/,28
DK,CN,yes,visa_required,,90
MO,CN,no,visa_not_required,,30
LA,CN,yes,evisa_or_visa_on_arrival,https://laoevisa.gov.la/,30
FR,CN,yes,visa_required,,90
NL,CN,yes,visa_required,,90
SG,JP,no,visa_not_required,,90
HK,JP,no,visa_not_required,,90
GB,JP,no,visa_not_required,,180
CA,JP,no,visa_not_required,,180
ID,JP,yes,evisa_or_visa_on_arrival,https://evisa.imigrasi.go.id/,30
VN,JP,yes,evisa_required,https://evisa.gov.vn/,90
IN,JP,yes,evisa_required,https://www.indianvisaonline.gov.in/evisa/tvoa.html,90
TW,JP,no,visa_not_required,,90
AU,JP,no,visa_not_required,,90
AT,JP,no,visa_not_required,,90
MY,JP,no,visa_not_required,,90
CN,JP,no,visa_not_required,,30
JP,JP,no,visa_not_required,,
SA,JP,yes,evisa_or_visa_on_arrival,https://visa.visitsaudi.com/,90
TH,JP,no,visa_not_required,,60
BN,JP,yes,visa_required,,14
ZA,JP,no,visa_not_required,,90
BD,JP,yes,visa_on_arrival,,30
KH,JP,yes,evisa_or_visa_on_arrival,https://www.evisa.gov.kh/,30
US,JP,no,visa_not_required,,90
MV,JP,yes,visa_on_arrival,,30
PH,JP,no,visa_not_required,,30
KR,JP,no,visa_not_required,,90
CH,JP,no,visa_not_required,,90
DE,JP,no,visa_not_required,,90
IT,JP,no,visa_not_required,,90
AE,JP,no,visa_not_required,,30
NP,JP,yes,evisa_or_visa_on_arrival,https://www.immigration.gov.np/en/post/online-visa-application-12,90
TR,JP,no,visa_not_required,,90
ES,JP,no,visa_not_required,,90
LK,JP,yes,eta_required,https://www.eta.gov.lk/slvisa/visainfo/center.jsp?lang=en&locale=en_US,30
BE,JP,no,visa_not_required,,90
GR,JP,no,visa_not_required,,90
NZ,JP,no,visa_not_required,,90
RU,JP,yes,evisa_required,https://evisa.kdmid.ru/,16
MM,JP,yes,evisa_required,https://evisa.moip.gov.mm/,28
DK,JP,no,visa_not_required,,90
MO,JP,no,visa_not_required,,30
LA,JP,yes,evisa_or_visa_on_arrival,https://laoevisa.gov.la/,30
FR,JP,no,visa_not_required,,90
NL,JP,no,visa_not_required,,90
SG,SA,no,visa_not_required,,30
HK,SA,yes,visa_required,,14
GB,SA,no,visa_not_required,,180
CA,SA,yes,visa_required,,180
ID,SA,no,visa_not_required,,30
VN,SA,yes,evisa_required,https://evisa.gov.vn/,90
IN,SA,yes,evisa_required,https://www.indianvisaonline.gov.in/evisa/tvoa.html,90
TW,SA,yes,evisa_required,https://visawebapp.boca.gov.tw/BOCA_EVISA/MRV04FORM.do,90
AU,SA,yes,evisa_required,https://immi.homeaffairs.gov.au/help-support/applying-online-or-on-paper/online,90
AT,SA,no,visa_not_required,,90
MY,SA,no,visa_not_required,,90
CN,SA,no,visa_not_required,,30
JP,SA,yes,visa_required,,90
SA,SA,no,visa_not_required,,
TH,SA,yes,visa_required,,30
BN,SA,no,visa_not_required,,14
ZA,SA,no,visa_not_required,,90
BD,SA,yes,visa_on_arrival,,30
KH,SA,yes,evisa_or_visa_on_arrival,https://www.evisa.gov.kh/,30
US,SA,yes,visa_required,,180
MV,SA,yes,visa_on_arrival,,30
PH,SA,yes,visa_required,,30
KR,SA,yes,eta_required,,90
CH,SA,yes,visa_required,,90
DE,SA,yes,visa_required,,90
IT,SA,yes,visa_required,,90
AE,SA,no,visa_not_required,,30
NP,SA,yes,evisa_or_visa_on_arrival,https://www.immigration.gov.np/en/post/online-visa-application-12,90
TR,SA,no,visa_not_required,,90
ES,SA,yes,visa_required,,90
LK,SA,yes,eta_required,https://www.eta.gov.lk/slvisa/visainfo/center.jsp?lang=en&locale=en_US,30
BE,SA,yes,visa_required,,90
GR,SA,yes,visa_required,,90
NZ,SA,no,visa_not_required,,90
RU,SA,yes,evisa_required,https://evisa.kdmid.ru/,16
MM,SA,yes,evisa_required,https://evisa.moip.gov.mm/,28
DK,SA,yes,visa_required,,90
MO,SA,yes,visa_required,,30
LA,SA,yes,evisa_or_visa_on_arrival,https://laoevisa.gov.la/,30
FR,SA,yes,visa_required,,90
NL,SA,yes,visa_required,,90
SG,TH,no,visa_not_required,,30
HK,TH,no,visa_not_required,,30
GB,TH,yes,visa_required,,180
CA,TH,yes,visa_required,,180
ID,TH,no,visa_not_required,,30
VN,TH,no,visa_not_required,,30
IN,TH,yes,evisa_required,https://www.indianvisaonline.gov.in/evisa/tvoa.html,90
TW,TH,no,visa_not_required,,30
AU,TH,yes,evisa_required,https://immi.homeaffairs.gov.au/help-support/applying-online-or-on-paper/online,90
AT,TH,yes,visa_required,,90
MY,TH,no,visa_not_required,,30
CN,TH,no,visa_not_required,,30
JP,TH,no,visa_not_required,,30
SA,TH,yes,evisa_or_visa_on_arrival,https://visa.visitsaudi.com/,90
TH,TH,no,visa_not_required,,
BN,TH,no,visa_not_required,,14
ZA,TH,yes,visa_required,,90
BD,TH,yes,visa_on_arrival,,30
KH,TH,no,visa_not_required,,14
US,TH,yes,visa_required,,180
MV,TH,yes,visa_on_arrival,,30
PH,TH,no,visa_not_required,,30
KR,TH,no,visa_not_required,,90
CH,TH,yes,visa_required,,90
DE,TH,yes,visa_required,,90
IT,TH,yes,visa_required,,90
AE,TH,yes,visa_required,,30
NP,TH,yes,evisa_or_visa_on_arrival,https://www.immigration.gov.np/en/post/online-visa-application-12,90
TR,TH,no,visa_not_required,,30
ES,TH,yes,visa_required,,90
LK,TH,yes,eta_required,https://www.eta.gov.lk/slvisa/visainfo/center.jsp?lang=en&locale=en_US,30
BE,TH,yes,visa_required,,90
GR,TH,yes,visa_required,,90
NZ,TH,yes,visa_required,,180
RU,TH,no,visa_not_required,,30
MM,TH,no,visa_not_required,,14
DK,TH,yes,visa_required,,90
MO,TH,no,visa_not_required,,30
LA,TH,yes,evisa_or_visa_on_arrival,https://laoevisa.gov.la/,30
FR,TH,yes,visa_required,,90
NL,TH,yes,visa_required,,90
SG,BN,no,visa_not_required,,30
HK,BN,no,visa_not_required,,14
GB,BN,no,visa_not_required,,180
CA,BN,no,visa_not_required,,180
ID,BN,no,visa_not_required,,30
VN,BN,no,visa_not_required,,14
IN,BN,yes,evisa_required,https://www.indianvisaonline.gov.in/evisa/tvoa.html,90
TW,BN,no,visa_not_required,,14
AU,BN,no,visa_not_required,,90
AT,BN,no,visa_not_required,,90
MY,BN,no,visa_not_required,,30
CN,BN,no,visa_not_required,,14
JP,BN,no,visa_not_required,,14
SA,BN,yes,evisa_or_visa_on_arrival,https://visa.visitsaudi.com/,90
TH,BN,no,visa_not_required,,14
BN,BN,no,visa_not_required,,
ZA,BN,no,visa_not_required,,30
BD,BN,yes,visa_on_arrival,,30
KH,BN,no,visa_not_required,,14
US,BN,no,visa_not_required,,90
MV,BN,yes,visa_on_arrival,,30
PH,BN,no,visa_not_required,,14
KR,BN,no,visa_not_required,,30
CH,BN,no,visa_not_required,,90
DE,BN,no,visa_not_required,,90
IT,BN,no,visa_not_required,,90
AE,BN,no,visa_not_required,,30
NP,BN,yes,evisa_or_visa_on_arrival,https://www.immigration.gov.np/en/post/online-visa-application-12,90
TR,BN,no,visa_not_required,,90
ES,BN,no,visa_not_required,,90
LK,BN,yes,eta_required,https://www.eta.gov.lk/slvisa/visainfo/center.jsp?lang=en&locale=en_US,30
BE,BN,no,visa_not_required,,90
GR,BN,no,visa_not_required,,90
NZ,BN,no,visa_not_required,,90
RU,BN,no,visa_not_required,,16
MM,BN,yes,evisa_required,https://evisa.moip.gov.mm/,28
DK,BN,no,visa_not_required,,90
MO,BN,no,visa_not_required,,30
LA,BN,no,visa_not_required,,14
FR,BN,no,visa_not_required,,90
NL,BN,no,visa_not_required,,90
SG,ZA,no,visa_not_required,,30
HK,ZA,no,visa_not_required,,30
GB,ZA,no,visa_not_required,,180
CA,ZA,yes,visa_required,,180
ID,ZA,yes,evisa_or_visa_on_arrival,https://evisa.imigrasi.go.id/,30
VN,ZA,yes,evisa_required,https://evisa.gov.vn/,90
IN,ZA,yes,evisa_required,https://www.indianvisaonline.gov.in/evisa/tvoa.html,90
TW,ZA,yes,visa_required,,30
AU,ZA,yes,evisa_required,https://immi.homeaffairs.gov.au/help-support/applying-online-or-on-paper/online,90
AT,ZA,yes,visa_required,,90
MY,ZA,no,visa_not_required,,90
CN,ZA,yes,visa_required,,30
JP,ZA,yes,visa_required,,90
SA,ZA,yes,evisa_or_visa_on_arrival,https://visa.visitsaudi.com/,90
TH,ZA,no,visa_not_required,,60
BN,ZA,no,visa_not_required,,14
ZA,ZA,no,visa_not_required,,
BD,ZA,yes,visa_on_arrival,,30
KH,ZA,yes,evisa_or_visa_on_arrival,https://www.evisa.gov.kh/,30
US,ZA,yes,visa_required,,180
MV,ZA,yes,visa_on_arrival,,30
PH,ZA,no,visa_not_required,,30
KR,ZA,yes,visa_required,,90
CH,ZA,yes,visa_required,,90
DE,ZA,yes,visa_required,,90
IT,ZA,yes,visa_required,,90
AE,ZA,no,visa_not_required,,30
NP,ZA,yes,evisa_or_visa_on_arrival,https://www.immigration.gov.np/en/post/online-visa-application-12,90
TR,ZA,no,visa_not_required,,90
ES,ZA,yes,visa_required,,90
LK,ZA,yes,eta_required,https://www.eta.gov.lk/slvisa/visainfo/center.jsp?lang=en&locale=en_US,30
BE,ZA,yes,visa_required,,90
GR,ZA,yes,visa_required,,90
NZ,ZA,yes,visa_required,,180
RU,ZA,yes,evisa_required,https://evisa.kdmid.ru/,16
MM,ZA,yes,evisa_required,https://evisa.moip.gov.mm/,28
DK,ZA,yes,visa_required,,90
MO,ZA,yes,visa_required,,30
LA,ZA,yes,evisa_or_visa_on_arrival,https://laoevisa.gov.la/,30
FR,ZA,yes,visa_required,,90
NL,ZA,yes,visa_required,,90
SG,BD,yes,visa_required,,30
HK,BD,yes,visa_required,,14
GB,BD,yes,visa_required,,180
CA,BD,yes,visa_required,,180
ID,BD,yes,visa_required,,30
VN,BD,yes,evisa_required,https://evisa.gov.vn/,90
IN,BD,no,visa_not_required,,30
TW,BD,yes,visa_required,,30
AU,BD,yes,evisa_required,https://immi.homeaffairs.gov.au/help-support/applying-online-or-on-paper/online,90
AT,BD,yes,visa_required,,90
MY,BD,no,visa_not_required,,30
CN,BD,yes,visa_required,,30
JP,BD,yes,visa_required,,90
SA,BD,yes,visa_required,,90
TH,BD,no,visa_not_required,,30
BN,BD,yes,visa_required,,14
ZA,BD,yes,visa_required,,90
BD,BD,no,visa_not_required,,
KH,BD,yes,evisa_or_visa_on_arrival,https://www.evisa.gov.kh/,30
US,BD,yes,visa_required,,180
MV,BD,yes,visa_on_arrival,,30
PH,BD,yes,visa_required,,30
KR,BD,yes,visa_required,,90
CH,BD,yes,visa_required,,90
DE,BD,yes,visa_required,,90
IT,BD,yes,visa_required,,90
AE,BD,no,visa_not_required,,30
NP,BD,yes,evisa_or_visa_on_arrival,https://www.immigration.gov.np/en/post/online-visa-application-12,90
TR,BD,yes,visa_required,,90
ES,BD,yes,visa_required,,90
LK,BD,yes,eta_required,https://www.eta.gov.lk/slvisa/visainfo/center.jsp?lang=en&locale=en_US,30
BE,BD,yes,visa_required,,90
GR,BD,yes,visa_required,,90
NZ,BD,yes,visa_required,,180
RU,BD,yes,evisa_required,https://evisa.kdmid.ru/,16
MM,BD,yes,evisa_required,https://evisa.moip.gov.mm/,28
DK,BD,yes,visa_required,,90
MO,BD,yes,visa_required,,30
LA,BD,yes,evisa_or_visa_on_arrival,https://laoevisa.gov.la/,30
FR,BD,yes,visa_required,,90
NL,BD,yes,visa_required,,90
SG,KH,no,visa_not_required,,30
HK,KH,yes,visa_required,,30
GB,KH,yes,visa_required,,180
CA,KH,yes,visa_required,,180
ID,KH,no,visa_not_required,,30
VN,KH,no,visa_not_required,,30
IN,KH,yes,evisa_required,https://www.indianvisaonline.gov.in/evisa/tvoa.html,90
TW,KH,yes,visa_required,,30
AU,KH,yes,evisa_required,https://immi.homeaffairs.gov.au/help-support/applying-online-or-on-paper/online,90
AT,KH,yes,visa_required,,90
MY,KH,no,visa_not_required,,30
CN,KH,yes,visa_required,,30
JP,KH,yes,visa_required,,90
SA,KH,yes,evisa_or_visa_on_arrival,https://visa.visitsaudi.com/,90
TH,KH,no,visa_not_required,,14
BN,KH,no,visa_not_required,,14
ZA,KH,yes,visa_required,,90
BD,KH,yes,visa_on_arrival,,30
KH,KH,no,visa_not_required,,
US,KH,yes,visa_required,,180
MV,KH,yes,visa_on_arrival,,30
PH,KH,yes,visa_required,,30
KR,KH,yes,visa_required,,90
CH,KH,yes,visa_required,,90
DE,KH,yes,visa_required,,90
IT,KH,yes,visa_required,,90
AE,KH,yes,visa_required,,30
NP,KH,yes,evisa_or_visa_on_arrival,https://www.immigration.gov.np/en/post/online-visa-application-12,90
TR,KH,yes,visa_required,,90
ES,KH,yes,visa_required,,90
LK,KH,yes,eta_required,https://www.eta.gov.lk/slvisa/visainfo/center.jsp?lang=en&locale=en_US,30
BE,KH,yes,visa_required,,90
GR,KH,yes,visa_required,,90
NZ,KH,yes,visa_required,,180
RU,KH,yes,evisa_required,https://evisa.kdmid.ru/,16
MM,KH,no,visa_not_required,,14
DK,KH,yes,visa_required,,90
MO,KH,yes,visa_required,,30
LA,KH,no,visa_not_required,,30
FR,KH,yes,visa_required,,90
NL,KH,yes,visa_required,,90
SG,US,no,visa_not_required,,90
HK,US,no,visa_not_required,,90
GB,US,no,visa_not_required,,180
CA,US,no,visa_not_required,,180
ID,US,yes,evisa_or_visa_on_arrival,https://evisa.imigrasi.go.id/,30
VN,US,yes,evisa_required,https://evisa.gov.vn/,90
IN,US,yes,evisa_required,https://www.indianvisaonline.gov.in/evisa/tvoa.html,90
TW,US,no,visa_not_required,,90
AU,US,no,visa_not_required,,90
AT,US,no,visa_not_required,,90
MY,US,no,visa_not_required,,90
CN,US,yes,visa_required,,30
JP,US,no,visa_not_required,,90
SA,US,yes,evisa_or_visa_on_arrival,https://visa.visitsaudi.com/,90
TH,US,no,visa_not_required,,60
BN,US,no,visa_not_required,,14
ZA,US,no,visa_not_required,,90
BD,US,yes,visa_on_arrival,,30
KH,US,yes,evisa_or_visa_on_arrival,https://www.evisa.gov.kh/,30
US,US,no,visa_not_required,,
MV,US,yes,visa_on_arrival,,30
PH,US,no,visa_not_required,,30
KR,US,no,visa_not_required,,90
CH,US,no,visa_not_required,,90
DE,US,no,visa_not_required,,90
IT,US,no,visa_not_required,,90
AE,US,no,visa_not_required,,30
NP,US,yes,evisa_or_visa_on_arrival,https://www.immigration.gov.np/en/post/online-visa-application-12,90
TR,US,yes,evisa_required,https://www.evisa.gov.tr/en/,30
ES,US,no,visa_not_required,,90
LK,US,yes,eta_required,https://www.eta.gov.lk/slvisa/visainfo/center.jsp?lang=en&locale=en_US,30
BE,US,no,visa_not_required,,90
GR,US,no,visa_not_required,,90
NZ,US,no,visa_not_required,,90
RU,US,yes,evisa_required,https://evisa.kdmid.ru/,16
MM,US,yes,evisa_required,https://evisa.moip.gov.mm/,28
DK,US,no,visa_not_required,,90
MO,US,no,visa_not_required,,30
LA,US,yes,evisa_or_visa_on_arrival,https://laoevisa.gov.la/,30
FR,US,no,visa_not_required,,90
NL,US,no,visa_not_required,,90
SG,MV,no,visa_not_required,,30
HK,MV,yes,visa_required,,14
GB,MV,yes,visa_required,,180
CA,MV,yes,visa_required,,180
ID,MV,yes,visa_required,,30
VN,MV,yes,evisa_required,https://evisa.gov.vn/,90
IN,MV,no,visa_not_required,,90
TW,MV,yes,visa_required,,30
AU,MV,yes,evisa_required,https://immi.homeaffairs.gov.au/help-support/applying-online-or-on-paper/online,90
AT,MV,yes,visa_required,,90
MY,MV,no,visa_not_required,,30
CN,MV,yes,visa_required,,30
JP,MV,yes,visa_required,,90
SA,MV,no,visa_not_required,,90
TH,MV,no,visa_not_required,,30
BN,MV,no,visa_not_required,,14
ZA,MV,yes,visa_required,,90
BD,MV,yes,visa_required,,30
KH,MV,no,visa_not_required,,30
US,MV,yes,visa_required,,180
MV,MV,no,visa_not_required,,
PH,MV,yes,visa_required,,30
KR,MV,yes,visa_required,,90
CH,MV,yes,visa_required,,90
DE,MV,yes,visa_required,,90
IT,MV,yes,visa_required,,90
AE,MV,no,visa_not_required,,30
NP,MV,yes,visa_on_arrival,,30
TR,MV,yes,visa_required,,90
ES,MV,yes,visa_required,,90
LK,MV,yes,eta_required,https://www.eta.gov.lk/slvisa/visainfo/center.jsp?lang=en&locale=en_US,30
BE,MV,yes,visa_required,,90
GR,MV,yes,visa_required,,90
NZ,MV,yes,visa_required,,180
RU,MV,yes,evisa_required,https://evisa.kdmid.ru/,16
MM,MV,yes,evisa_required,https://evisa.moip.gov.mm/,28
DK,MV,yes,visa_required,,90
MO,MV,yes,visa_required,,30
LA,MV,yes,evisa_or_visa_on_arrival,https://laoevisa.gov.la/,30
FR,MV,yes,visa_required,,90
NL,MV,yes,visa_required,,90
SG,PH,no,visa_not_required,,30
HK,PH,no,visa_not_required,,14
GB,PH,yes,visa_required,,180
CA,PH,yes,visa_required,,180
ID,PH,no,visa_not_required,,30
VN,PH,no,visa_not_required,,21
IN,PH,yes,evisa_required,https://www.indianvisaonline.gov.in/evisa/tvoa.html,90
TW,PH,no,visa_not_required,,30
AU,PH,yes,evisa_required,https://immi.homeaffairs.gov.au/help-support/applying-online-or-on-paper/online,90
AT,PH,yes,visa_required,,90
MY,PH,no,visa_not_required,,30
CN,PH,yes,visa_required,,30
JP,PH,yes,visa_required,,90
SA,PH,yes,evisa_or_visa_on_arrival,https://visa.visitsaudi.com/,90
TH,PH,no,visa_not_required,,30
BN,PH,no,visa_not_required,,14
ZA,PH,yes,visa_required,,90
BD,PH,yes,visa_on_arrival,,30
KH,PH,no,visa_not_required,,14
US,PH,yes,visa_required,,180
MV,PH,yes,visa_on_arrival,,30
PH,PH,no,visa_not_required,,
KR,PH,yes,visa_required,,90
CH,PH,yes,visa_required,,90
DE,PH,yes,visa_required,,90
IT,PH,yes,visa_required,,90
AE,PH,yes,visa_required,,30
NP,PH,yes,evisa_or_visa_on_arrival,https://www.immigration.gov.np/en/post/online-visa-application-12,90
TR,PH,yes,visa_required,,90
ES,PH,yes,visa_required,,90
LK,PH,yes,eta_required,https://www.eta.gov.lk/slvisa/visainfo/center.jsp?lang=en&locale=en_US,30
BE,PH,yes,visa_required,,90
GR,PH,yes,visa_required,,90
NZ,PH,yes,visa_required,,180
RU,PH,yes,evisa_required,https://evisa.kdmid.ru/,16
MM,PH,yes,evisa_required,https://evisa.moip.gov.mm/,28
DK,PH,yes,visa_required,,90
MO,PH,no,visa_not_required,,30
LA,PH,yes,evisa_or_visa_on_arrival,https://laoevisa.gov.la/,30
FR,PH,yes,visa_required,,90
NL,PH,yes,visa_required,,90
SG,KR,no,visa_not_required,,30
HK,KR,no,visa_not_required,,90
GB,KR,no,visa_not_required,,180
CA,KR,no,visa_not_required,,180
ID,KR,no,visa_not_required,,30
VN,KR,yes,evisa_required,https://evisa.gov.vn/,90
IN,KR,yes,evisa_required,https://www.indianvisaonline.gov.in/evisa/tvoa.html,90
TW,KR,no,visa_not_required,,90
AU,KR,no,visa_not_required,,90
AT,KR,no,visa_not_required,,90
MY,KR,no,visa_not_required,,90
CN,KR,no,visa_not_required,,30
JP,KR,no,visa_not_required,,90
SA,KR,yes,evisa_or_visa_on_arrival,https://visa.visitsaudi.com/,90
TH,KR,no,visa_not_required,,90
BN,KR,no,visa_not_required,,30
ZA,KR,no,visa_not_required,,90
BD,KR,yes,visa_on_arrival,,30
KH,KR,yes,evisa_or_visa_on_arrival,https://www.evisa.gov.kh/,30
US,KR,no,visa_not_required,,90
MV,KR,yes,visa_on_arrival,,30
PH,KR,no,visa_not_required,,30
KR,KR,no,visa_not_required,,
CH,KR,no,visa_not_required,,90
DE,KR,no,visa_not_required,,90
IT,KR,no,visa_not_required,,90
AE,KR,no,visa_not_required,,90
NP,KR,yes,evisa_or_visa_on_arrival,https://www.immigration.gov.np/en/post/online-visa-application-12,90
TR,KR,no,visa_not_required,,90
ES,KR,no,visa_not_required,,90
LK,KR,yes,eta_required,https://www.eta.gov.lk/slvisa/visainfo/center.jsp?lang=en&locale=en_US,30
BE,KR,no,visa_not_required,,90
GR,KR,no,visa_not_required,,90
NZ,KR,no,visa_not_required,,90
RU,KR,yes,evisa_required,https://evisa.kdmid.ru/,16
MM,KR,yes,evisa_required,https://evisa.moip.gov.mm/,28
DK,KR,no,visa_not_required,,90
MO,KR,no,visa_not_required,,30
LA,KR,yes,evisa_or_visa_on_arrival,https://laoevisa.gov.la/,30
FR,KR,no,visa_not_required,,90
NL,KR,no,visa_not_required,,90
SG,CH,no,visa_not_required,,30
HK,CH,no,visa_not_required,,90
GB,CH,no,visa_not_required,,180
CA,CH,no,visa_not_required,,180
ID,CH,no,visa_not_required,,30
VN,CH,no,visa_not_required,,45
IN,CH,yes,evisa_required,https://www.indianvisaonline.gov.in/evisa/tvoa.html,90
TW,CH,no,visa_not_required,,90
AU,CH,no,visa_not_required,,90
AT,CH,no,visa_not_required,,90
MY,CH,no,visa_not_required,,90
CN,CH,no,visa_not_required,,30
JP,CH,no,visa_not_required,,90
SA,CH,yes,evisa_or_visa_on_arrival,https://visa.visitsaudi.com/,90
TH,CH,no,visa_not_required,,60
BN,CH,no,visa_not_required,,14
ZA,CH,no,visa_not_required,,90
BD,CH,yes,visa_on_arrival,,30
KH,CH,yes,evisa_or_visa_on_arrival,https://www.evisa.gov.kh/,30
US,CH,no,visa_not_required,,90
MV,CH,yes,visa_on_arrival,,30
PH,CH,no,visa_not_required,,30
KR,CH,no,visa_not_required,,90
CH,CH,no,visa_not_required,,
DE,CH,no,visa_not_required,,90
IT,CH,no,visa_not_required,,90
AE,CH,no,visa_not_required,,90
NP,CH,yes,evisa_or_visa_on_arrival,https://www.immigration.gov.np/en/post/online-visa-application-12,90
TR,CH,no,visa_not_required,,90
ES,CH,no,visa_not_required,,90
LK,CH,yes,eta_required,https://www.eta.gov.lk/slvisa/visainfo/center.jsp?lang=en&locale=en_US,30
BE,CH,no,visa_not_required,,90
GR,CH,no,visa_not_required,,90
NZ,CH,no,visa_not_required,,90
RU,CH,yes,evisa_required,https://evisa.kdmid.ru/,16
MM,CH,yes,evisa_required,https://evisa.moip.gov.mm/,28
DK,CH,no,visa_not_required,,90
MO,CH,no,visa_not_required,,30
LA,CH,yes,evisa_or_visa_on_arrival,https://laoevisa.gov.la/,30
FR,CH,no,visa_not_required,,90
NL,CH,no,visa_not_required,,90
SG,DE,no,visa_not_required,,30
HK,DE,no,visa_not_required,,90
GB,DE,no,visa_not_required,,180
CA,DE,no,visa_not_required,,180
ID,DE,no,visa_not_required,,30
VN,DE,no,visa_not_required,,45
IN,DE,yes,evisa_required,https://www.indianvisaonline.gov.in/evisa/tvoa.html,90
TW,DE,no,visa_not_required,,90
AU,DE,no,visa_not_required,,90
AT,DE,no,visa_not_required,,90
MY,DE,no,visa_not_required,,90
CN,DE,no,visa_not_required,,30
JP,DE,no,visa_not_required,,90
SA,DE,yes,evisa_or_visa_on_arrival,https://visa.visitsaudi.com/,90
TH,DE,no,visa_not_required,,60
BN,DE,no,visa_not_required,,14
ZA,DE,no,visa_not_required,,90
BD,DE,yes,visa_on_arrival,,30
KH,DE,yes,evisa_or_visa_on_arrival,https://www.evisa.gov.kh/,30
US,DE,no,visa_not_required,,90
MV,DE,yes,visa_on_arrival,,30
PH,DE,no,visa_not_required,,30
KR,DE,no,visa_not_required,,90
CH,DE,no,visa_not_required,,90
DE,DE,no,visa_not_required,,
IT,DE,no,visa_not_required,,90
AE,DE,no,visa_not_required,,90
NP,DE,yes,evisa_or_visa_on_arrival,https://www.immigration.gov.np/en/post/online-visa-application-12,90
TR,DE,no,visa_not_required,,90
ES,DE,no,visa_not_required,,90
LK,DE,yes,eta_required,https://www.eta.gov.lk/slvisa/visainfo/center.jsp?lang=en&locale=en_US,30
BE,DE,no,visa_not_required,,90
GR,DE,no,visa_not_required,,90
NZ,DE,no,visa_not_required,,90
RU,DE,yes,evisa_required,https://evisa.kdmid.ru/,16
MM,DE,yes,evisa_required,https://evisa.moip.gov.mm/,28
DK,DE,no,visa_not_required,,90
MO,DE,no,visa_not_required,,30
LA,DE,yes,evisa_or_visa_on_arrival,https://laoevisa.gov.la/,30
FR,DE,no,visa_not_required,,90
NL,DE,no,visa_not_required,,90
SG,IT,no,visa_not_required,,30
HK,IT,no,visa_not_required,,90
GB,IT,no,visa_not_required,,180
CA,IT,no,visa_not_required,,180
ID,IT,no,visa_not_required,,30
VN,IT,no,visa_not_required,,45
IN,IT,yes,evisa_required,https://www.indianvisaonline.gov.in/evisa/tvoa.html,90
TW,IT,no,visa_not_required,,90
AU,IT,no,visa_not_required,,90
AT,IT,no,visa_not_required,,90
MY,IT,no,visa_not_required,,90
CN,IT,no,visa_not_required,,30
JP,IT,no,visa_not_required,,90
SA,IT,yes,evisa_or_visa_on_arrival,https://visa.visitsaudi.com/,90
TH,IT,no,visa_not_required,,60
BN,IT,no,visa_not_required,,14
ZA,IT,no,visa_not_required,,90
BD,IT,yes,visa_on_arrival,,30
KH,IT,yes,evisa_or_visa_on_arrival,https://www.evisa.gov.kh/,30
US,IT,no,visa_not_required,,90
MV,IT,yes,visa_on_arrival,,30
PH,IT,no,visa_not_required,,30
KR,IT,no,visa_not_required,,90
CH,IT,no,visa_not_required,,90
DE,IT,no,visa_not_required,,90
IT,IT,no,visa_not_required,,
AE,IT,no,visa_not_required,,90
NP,IT,yes,evisa_or_visa_on_arrival,https://www.immigration.gov.np/en/post/online-visa-application-12,90
TR,IT,no,visa_not_required,,90
ES,IT,no,visa_not_required,,90
LK,IT,yes,eta_required,https://www.eta.gov.lk/slvisa/visainfo/center.jsp?lang=en&locale=en_US,30
BE,IT,no,visa_not_required,,90
GR,IT,no,visa_not_required,,90
NZ,IT,no,visa_not_required,,90
RU,IT,yes,evisa_required,https://evisa.kdmid.ru/,16
MM,IT,yes,evisa_required,https://evisa.moip.gov.mm/,28
DK,IT,no,visa_not_required,,90
MO,IT,no,visa_not_required,,30
LA,IT,yes,evisa_or_visa_on_arrival,https://laoevisa.gov.la/,30
FR,IT,no,visa_not_required,,90
NL,IT,no,visa_not_required,,90
SG,AE,no,visa_not_required,,30
HK,AE,no,visa_not_required,,30
GB,AE,no,visa_not_required,,180
CA,AE,no,visa_not_required,,180
ID,AE,no,visa_not_required,,30
VN,AE,no,visa_not_required,,90
IN,AE,yes,evisa_required,https://www.indianvisaonline.gov.in/evisa/tvoa.html,90
TW,AE,yes,visa_required,,30
AU,AE,no,visa_not_required,,90
AT,AE,no,visa_not_required,,90
MY,AE,no,visa_not_required,,90
CN,AE,no,visa_not_required,,30
JP,AE,no,visa_not_required,,90
SA,AE,no,visa_not_required,,90
TH,AE,no,visa_not_required,,60
BN,AE,no,visa_not_required,,14
ZA,AE,no,visa_not_required,,90
BD,AE,yes,visa_on_arrival,,30
KH,AE,yes,evisa_or_visa_on_arrival,https://www.evisa.gov.kh/,30
US,AE,no,visa_not_required,,90
MV,AE,yes,visa_on_arrival,,30
PH,AE,no,visa_not_required,,30
KR,AE,no,visa_not_required,,90
CH,AE,no,visa_not_required,,90
DE,AE,no,visa_not_required,,90
IT,AE,no,visa_not_required,,90
AE,AE,no,visa_not_required,,
NP,AE,yes,evisa_or_visa_on_arrival,https://www.immigration.gov.np/en/post/online-visa-application-12,90
TR,AE,no,visa_not_required,,90
ES,AE,no,visa_not_required,,90
LK,AE,yes,eta_required,https://www.eta.gov.lk/slvisa/visainfo/center.jsp?lang=en&locale=en_US,30
BE,AE,no,visa_not_required,,90
GR,AE,no,visa_not_required,,90
NZ,AE,no,visa_not_required,,90
RU,AE,no,visa_not_required,,30
MM,AE,yes,evisa_required,https://evisa.moip.gov.mm/,28
DK,AE,no,visa_not_required,,90
MO,AE,yes,visa_required,,30
LA,AE,yes,evisa_or_visa_on_arrival,https://laoevisa.gov.la/,30
FR,AE,no,visa_not_required,,90
NL,AE,no,visa_not_required,,90
SG,NP,yes,visa_required,,30
HK,NP,yes,visa_required,,14
GB,NP,yes,visa_required,,180
CA,NP,yes,visa_required,,180
ID,NP,yes,visa_required,,30
VN,NP,yes,visa_required,,30
IN,NP,no,visa_not_required,,90
TW,NP,yes,visa_required,,30
AU,NP,yes,visa_required,,90
AT,NP,yes,visa_required,,90
MY,NP,yes,visa_required,,30
CN,NP,yes,visa_required,,30
JP,NP,yes,visa_required,,90
SA,NP,yes,visa_required,,90
TH,NP,yes,visa_required,,60
BN,NP,yes,visa_required,,14
ZA,NP,yes,visa_required,,90
BD,NP,no,visa_not_required,,30
KH,NP,yes,visa_required,,30
US,NP,yes,visa_required,,180
MV,NP,yes,visa_required,,30
PH,NP,yes,visa_required,,30
KR,NP,yes,visa_required,,90
CH,NP,yes,visa_required,,90
DE,NP,yes,visa_required,,90
IT,NP,yes,visa_required,,90
AE,NP,yes,visa_required,,30
NP,NP,no,visa_not_required,,
TR,NP,yes,visa_required,,90
ES,NP,yes,visa_required,,90
LK,NP,yes,visa_required,,30
BE,NP,yes,visa_required,,90
GR,NP,yes,visa_required,,90
NZ,NP,yes,visa_required,,180
RU,NP,yes,visa_required,,16
MM,NP,yes,visa_required,,28
DK,NP,yes,visa_required,,90
MO,NP,yes,visa_required,,30
LA,NP,yes,visa_required,,30
FR,NP,yes,visa_required,,90
NL,NP,yes,visa_required,,90
SG,TR,no,visa_not_required,,30
HK,TR,no,visa_not_required,,90
GB,TR,yes,visa_required,,180
CA,TR,yes,visa_required,,180
ID,TR,no,visa_not_required,,30
VN,TR,yes,evisa_required,https://evisa.gov.vn/,90
IN,TR,yes,evisa_required,https://www.indianvisaonline.gov.in/evisa/tvoa.html,90
TW,TR,yes,visa_required,,30
AU,TR,yes,evisa_required,https://immi.homeaffairs.gov.au/help-support/applying-online-or-on-paper/online,90
AT,TR,yes,visa_required,,90
MY,TR,no,visa_not_required,,90
CN,TR,yes,visa_required,,30
JP,TR,no,visa_not_required,,90
SA,TR,yes,evisa_or_visa_on_arrival,https://visa.visitsaudi.com/,90
TH,TR,no,visa_not_required,,30
BN,TR,no,visa_not_required,,30
ZA,TR,no,visa_not_required,,90
BD,TR,yes,visa_on_arrival,,30
KH,TR,yes,evisa_or_visa_on_arrival,https://www.evisa.gov.kh/,30
US,TR,yes,visa_required,,180
MV,TR,yes,visa_on_arrival,,30
PH,TR,no,visa_not_required,,30
KR,TR,yes,visa_required,,90
CH,TR,yes,visa_required,,90
DE,TR,yes,visa_required,,90
IT,TR,yes,visa_required,,90
AE,TR,no,visa_not_required,,90
NP,TR,yes,visa_required,,90
TR,TR,no,visa_not_required,,
ES,TR,yes,visa_required,,90
LK,TR,yes,eta_required,https://www.eta.gov.lk/slvisa/visainfo/center.jsp?lang=en&locale=en_US,30
BE,TR,yes,visa_required,,90
GR,TR,yes,visa_required,,90
NZ,TR,yes,visa_required,,180
RU,TR,no,visa_not_required,,30
MM,TR,yes,evisa_required,https://evisa.moip.gov.mm/,28
DK,TR,yes,visa_required,,90
MO,TR,yes,visa_required,,30
LA,TR,yes,evisa_or_visa_on_arrival,https://laoevisa.gov.la/,30
FR,TR,yes,visa_required,,90
NL,TR,yes,visa_required,,90
SG,ES,no,visa_not_required,,30
HK,ES,no,visa_not_required,,90
GB,ES,no,visa_not_required,,180
CA,ES,no,visa_not_required,,180
ID,ES,no,visa_not_required,,30
VN,ES,no,visa_not_required,,45
IN,ES,yes,evisa_required,https://www.indianvisaonline.gov.in/evisa/tvoa.html,90
TW,ES,no,visa_not_required,,90
AU,ES,no,visa_not_required,,90
AT,ES,no,visa_not_required,,90
MY,ES,no,visa_not_required,,90
CN,ES,no,visa_not_required,,30
JP,ES,no,visa_not_required,,90
SA,ES,yes,evisa_or_visa_on_arrival,https://visa.visitsaudi.com/,90
TH,ES,no,visa_not_required,,60
BN,ES,no,visa_not_required,,14
ZA,ES,no,visa_not_required,,90
BD,ES,yes,visa_on_arrival,,30
KH,ES,yes,evisa_or_visa_on_arrival,https://www.evisa.gov.kh/,30
US,ES,no,visa_not_required,,90
MV,ES,yes,visa_on_arrival,,30
PH,ES,no,visa_not_required,,30
KR,ES,no,visa_not_required,,90
CH,ES,no,visa_not_required,,90
DE,ES,no,visa_not_required,,90
IT,ES,no,visa_not_required,,90
AE,ES,no,visa_not_required,,90
NP,ES,yes,visa_required,,90
TR,ES,no,visa_not_required,,90
ES,ES,no,visa_not_required,,
LK,ES,yes,eta_required,https://www.eta.gov.lk/slvisa/visainfo/center.jsp?lang=en&locale=en_US,30
BE,ES,no,visa_not_required,,90
GR,ES,no,visa_not_required,,90
NZ,ES,no,visa_not_required,,90
RU,ES,yes,evisa_required,https://evisa.kdmid.ru/,16
MM,ES,yes,evisa_required,https://evisa.moip.gov.mm/,28
DK,ES,no,visa_not_required,,90
MO,ES,no,visa_not_required,,30
LA,ES,yes,evisa_or_visa_on_arrival,https://laoevisa.gov.la/,30
FR,ES,no,visa_not_required,,90
NL,ES,no,visa_not_required,,90
SG,LK,yes,visa_required,,30
HK,LK,yes,visa_required,,14
GB,LK,yes,visa_required,,180
CA,LK,yes,visa_required,,180
ID,LK,yes,visa_required,,30
VN,LK,yes,visa_required,,30
IN,LK,no,visa_not_required,,90
TW,LK,yes,visa_required,,30
AU,LK,yes,visa_required,,90
AT,LK,yes,visa_required,,90
MY,LK,no,visa_not_required,,30
CN,LK,yes,visa_required,,30
JP,LK,yes,visa_required,,90
SA,LK,yes,visa_required,,90
TH,LK,yes,visa_required,,30
BN,LK,yes,visa_required,,14
ZA,LK,yes,visa_required,,90
BD,LK,yes,visa_required,,30
KH,LK,yes,visa_required,,30
US,LK,yes,visa_required,,180
MV,LK,no,visa_not_required,,30
PH,LK,yes,visa_required,,30
KR,LK,yes,visa_required,,90
CH,LK,yes,visa_required,,90
DE,LK,yes,visa_required,,90
IT,LK,yes,visa_required,,90
AE,LK,yes,visa_required,,30
NP,LK,yes,visa_required,,90
TR,LK,yes,visa_required,,90
ES,LK,yes,visa_required,,90
LK,LK,no,visa_not_required,,
BE,LK,yes,visa_required,,90
GR,LK,yes,visa_required,,90
NZ,LK,yes,visa_required,,180
RU,LK,yes,visa_required,,30
MM,LK,yes,visa_required,,28
DK,LK,yes,visa_required,,90
MO,LK,yes,visa_required,,30
LA,LK,yes,visa_required,,30
FR,LK,yes,visa_required,,90
NL,LK,yes,visa_required,,90
SG,BE,no,visa_not_required,,30
HK,BE,no,visa_not_required,,90
GB,BE,no,visa_not_required,,180
CA,BE,no,visa_not_required,,180
ID,BE,no,visa_not_required,,30
VN,BE,no,visa_not_required,,45
IN,BE,yes,evisa_required,https://www.indianvisaonline.gov.in/evisa/tvoa.html,90
TW,BE,no,visa_not_required,,90
AU,BE,no,visa_not_required,,90
AT,BE,no,visa_not_required,,90
MY,BE,no,visa_not_required,,90
CN,BE,no,visa_not_required,,30
JP,BE,no,visa_not_required,,90
SA,BE,yes,evisa_or_visa_on_arrival,https://visa.visitsaudi.com/,90
TH,BE,no,visa_not_required,,60
BN,BE,no,visa_not_required,,14
ZA,BE,no,visa_not_required,,90
BD,BE,yes,visa_on_arrival,,30
KH,BE,yes,evisa_or_visa_on_arrival,https://www.evisa.gov.kh/,30
US,BE,no,visa_not_required,,90
MV,BE,yes,visa_on_arrival,,30
PH,BE,no,visa_not_required,,30
KR,BE,no,visa_not_required,,90
CH,BE,no,visa_not_required,,90
DE,BE,no,visa_not_required,,90
IT,BE,no,visa_not_required,,90
AE,BE,no,visa_not_required,,90
NP,BE,yes,visa_required,,90
TR,BE,no,visa_not_required,,90
ES,BE,no,visa_not_required,,90
LK,BE,yes,eta_required,https://www.eta.gov.lk/slvisa/visainfo/center.jsp?lang=en&locale=en_US,30
BE,BE,no,visa_not_required,,
GR,BE,no,visa_not_required,,90
NZ,BE,no,visa_not_required,,90
RU,BE,yes,evisa_required,https://evisa.kdmid.ru/,16
MM,BE,yes,evisa_required,https://evisa.moip.gov.mm/,28
DK,BE,no,visa_not_required,,90
MO,BE,no,visa_not_required,,30
LA,BE,yes,evisa_or_visa_on_arrival,https://laoevisa.gov.la/,30
FR,BE,no,visa_not_required,,90
NL,BE,no,visa_not_required,,90
SG,GR,no,visa_not_required,,30
HK,GR,no,visa_not_required,,90
GB,GR,no,visa_not_required,,180
CA,GR,no,visa_not_required,,180
ID,GR,no,visa_not_required,,30
VN,GR,no,visa_not_required,,45
IN,GR,yes,evisa_required,https://www.indianvisaonline.gov.in/evisa/tvoa.html,90
TW,GR,no,visa_not_required,,90
AU,GR,no,visa_not_required,,90
AT,GR,no,visa_not_required,,90
MY,GR,no,visa_not_required,,90
CN,GR,no,visa_not_required,,30
JP,GR,no,visa_not_required,,90
SA,GR,yes,evisa_or_visa_on_arrival,https://visa.visitsaudi.com/,90
TH,GR,no,visa_not_required,,60
BN,GR,no,visa_not_required,,14
ZA,GR,no,visa_not_required,,90
BD,GR,yes,visa_on_arrival,,30
KH,GR,yes,evisa_or_visa_on_arrival,https://www.evisa.gov.kh/,30
US,GR,no,visa_not_required,,90
MV,GR,yes,visa_on_arrival,,30
PH,GR,no,visa_not_required,,30
KR,GR,no,visa_not_required,,90
CH,GR,no,visa_not_required,,90
DE,GR,no,visa_not_required,,90
IT,GR,no,visa_not_required,,90
AE,GR,no,visa_not_required,,90
NP,GR,yes,visa_required,,90
TR,GR,no,visa_not_required,,90
ES,GR,no,visa_not_required,,90
LK,GR,yes,eta_required,https://www.eta.gov.lk/slvisa/visainfo/center.jsp?lang=en&locale=en_US,30
BE,GR,no,visa_not_required,,90
GR,GR,no,visa_not_required,,
NZ,GR,no,visa_not_required,,90
RU,GR,yes,evisa_required,https://evisa.kdmid.ru/,16
MM,GR,yes,evisa_required,https://evisa.moip.gov.mm/,28
DK,GR,no,visa_not_required,,90
MO,GR,no,visa_not_required,,30
LA,GR,yes,evisa_or_visa_on_arrival,https://laoevisa.gov.la/,30
FR,GR,no,visa_not_required,,90
NL,GR,no,visa_not_required,,90
SG,NZ,no,visa_not_required,,30
HK,NZ,no,visa_not_required,,90
GB,NZ,no,visa_not_required,,180
CA,NZ,no,visa_not_required,,180
ID,NZ,yes,evisa_or_visa_on_arrival,https://evisa.imigrasi.go.id/,30
VN,NZ,yes,evisa_required,https://evisa.gov.vn/,90
IN,NZ,yes,evisa_required,https://www.indianvisaonline.gov.in/evisa/tvoa.html,90
TW,NZ,no,visa_not_required,,90
AU,NZ,no,visa_not_required,,90
AT,NZ,no,visa_not_required,,90
MY,NZ,no,visa_not_required,,90
CN,NZ,no,visa_not_required,,30
JP,NZ,no,visa_not_required,,90
SA,NZ,yes,evisa_or_visa_on_arrival,https://visa.visitsaudi.com/,90
TH,NZ,no,visa_not_required,,60
BN,NZ,no,visa_not_required,,14
ZA,NZ,no,visa_not_required,,90
BD,NZ,yes,visa_on_arrival,,30
KH,NZ,yes,evisa_or_visa_on_arrival,https://www.evisa.gov.kh/,30
US,NZ,no,visa_not_required,,90
MV,NZ,yes,visa_on_arrival,,30
PH,NZ,no,visa_not_required,,30
KR,NZ,no,visa_not_required,,90
CH,NZ,no,visa_not_required,,90
DE,NZ,no,visa_not_required,,90
IT,NZ,no,visa_not_required,,90
AE,NZ,no,visa_not_required,,90
NP,NZ,yes,visa_required,,90
TR,NZ,no,visa_not_required,,90
ES,NZ,no,visa_not_required,,90
LK,NZ,yes,eta_required,https://www.eta.gov.lk/slvisa/visainfo/center.jsp?lang=en&locale=en_US,30
BE,NZ,no,visa_not_required,,90
GR,NZ,no,visa_not_required,,90
NZ,NZ,no,visa_not_required,,
RU,NZ,yes,evisa_required,https://evisa.kdmid.ru/,16
MM,NZ,yes,evisa_required,https://evisa.moip.gov.mm/,28
DK,NZ,no,visa_not_required,,90
MO,NZ,no,visa_not_required,,30
LA,NZ,yes,evisa_or_visa_on_arrival,https://laoevisa.gov.la/,30
FR,NZ,no,visa_not_required,,90
NL,NZ,no,visa_not_required,,90
SG,RU,yes,evisa_required,https://www.ica.gov.sg/enter-transit-depart/entering-singapore/visa_requirements,30
HK,RU,no,visa_not_required,,14
GB,RU,yes,visa_required,,180
CA,RU,yes,evisa_required,https://www.canada.ca/en/immigration-refugees-citizenship/services/visit-canada/eta/apply.html,16
ID,RU,no,visa_not_required,,30
VN,RU,no,visa_not_required,,30
IN,RU,yes,evisa_required,https://www.indianvisaonline.gov.in/evisa/tvoa.html,90
TW,RU,yes,visa_required,,30
AU,RU,yes,evisa_required,https://immi.homeaffairs.gov.au/help-support/applying-online-or-on-paper/online,16
AT,RU,yes,visa_required,,90
MY,RU,no,visa_not_required,,30
CN,RU,no,visa_not_required,,30
JP,RU,yes,evisa_required,https://www.mofa.go.jp/j_info/visit/visa/visaonline.html,16
SA,RU,yes,evisa_or_visa_on_arrival,https://visa.visitsaudi.com/,90
TH,RU,no,visa_not_required,,30
BN,RU,no,visa_not_required,,14
ZA,RU,no,visa_not_required,,90
BD,RU,yes,visa_on_arrival,,30
KH,RU,yes,evisa_or_visa_on_arrival,https://www.evisa.gov.kh/,30
US,RU,yes,visa_required,,180
MV,RU,yes,visa_on_arrival,,30
PH,RU,no,visa_not_required,,30
KR,RU,no,visa_not_required,,90
CH,RU,yes,visa_required,,90
DE,RU,yes,visa_required,,90
IT,RU,yes,visa_required,,90
AE,RU,no,visa_not_required,,90
NP,RU,yes,visa_required,,90
TR,RU,no,visa_not_required,,90
ES,RU,yes,visa_required,,90
LK,RU,yes,eta_required,https://www.eta.gov.lk/slvisa/visainfo/center.jsp?lang=en&locale=en_US,30
BE,RU,yes,visa_required,,90
GR,RU,yes,visa_required,,90
NZ,RU,yes,visa_required,,180
RU,RU,no,visa_not_required,,
MM,RU,yes,evisa_required,https://evisa.moip.gov.mm/,28
DK,RU,yes,visa_required,,90
MO,RU,no,visa_not_required,,30
LA,RU,yes,evisa_or_visa_on_arrival,https://laoevisa.gov.la/,30
FR,RU,yes,visa_required,,90
NL,RU,yes,visa_required,,90
SG,MM,yes,visa_required,,30
HK,MM,yes,visa_required,,14
GB,MM,yes,evisa_required,https://www.gov.uk/eta/apply,180
CA,MM,yes,evisa_required,https://www.canada.ca/en/immigration-refugees-citizenship/services/visit-canada/eta/apply.html,180
ID,MM,yes,visa_required,,30
VN,MM,yes,visa_required,,30
IN,MM,yes,evisa_required,https://www.indianvisaonline.gov.in/evisa/tvoa.html,90
TW,MM,yes,visa_required,,30
AU,MM,yes,evisa_required,https://immi.homeaffairs.gov.au/help-support/applying-online-or-on-paper/online,90
AT,MM,yes,visa_required,,90
MY,MM,no,visa_not_required,,14
CN,MM,yes,visa_required,,30
JP,MM,yes,visa_required,,90
SA,MM,yes,evisa_or_visa_on_arrival,https://visa.visitsaudi.com/,90
TH,MM,yes,visa_required,,30
BN,MM,yes,evisa_required,,28
ZA,MM,yes,visa_required,,90
BD,MM,yes,visa_required,,30
KH,MM,yes,visa_required,,14
US,MM,yes,visa_required,,180
MV,MM,yes,visa_on_arrival,,30
PH,MM,yes,visa_required,,30
KR,MM,yes,visa_required,,90
CH,MM,yes,visa_required,,90
DE,MM,yes,visa_required,,90
IT,MM,yes,visa_required,,90
AE,MM,yes,visa_required,,30
NP,MM,yes,visa_required,,90
TR,MM,yes,visa_required,,90
ES,MM,yes,visa_required,,90
LK,MM,yes,eta_required,https://www.eta.gov.lk/slvisa/visainfo/center.jsp?lang=en&locale=en_US,30
BE,MM,yes,visa_required,,90
GR,MM,yes,visa_required,,90
NZ,MM,yes,visa_required,,180
RU,MM,yes,evisa_required,https://evisa.kdmid.ru/,16
MM,MM,no,visa_not_required,,
DK,MM,yes,visa_required,,90
MO,MM,yes,visa_on_arrival,,30
LA,MM,yes,visa_required,,30
FR,MM,yes,visa_required,,90
NL,MM,yes,visa_required,,90
SG,DK,no,visa_not_required,,30
HK,DK,no,visa_not_required,,90
GB,DK,no,visa_not_required,,180
CA,DK,no,visa_not_required,,180
ID,DK,no,visa_not_required,,30
VN,DK,no,visa_not_required,,45
IN,DK,yes,evisa_required,https://www.indianvisaonline.gov.in/evisa/tvoa.html,90
TW,DK,no,visa_not_required,,90
AU,DK,no,visa_not_required,,90
AT,DK,no,visa_not_required,,90
MY,DK,no,visa_not_required,,90
CN,DK,no,visa_not_required,,30
JP,DK,no,visa_not_required,,90
SA,DK,yes,evisa_or_visa_on_arrival,https://visa.visitsaudi.com/,90
TH,DK,no,visa_not_required,,60
BN,DK,no,visa_not_required,,14
ZA,DK,no,visa_not_required,,90
BD,DK,yes,visa_on_arrival,,30
KH,DK,yes,evisa_or_visa_on_arrival,https://www.evisa.gov.kh/,30
US,DK,no,visa_not_required,,90
MV,DK,yes,visa_on_arrival,,30
PH,DK,no,visa_not_required,,30
KR,DK,no,visa_not_required,,90
CH,DK,no,visa_not_required,,90
DE,DK,no,visa_not_required,,90
IT,DK,no,visa_not_required,,90
AE,DK,no,visa_not_required,,90
NP,DK,yes,visa_required,,90
TR,DK,no,visa_not_required,,90
ES,DK,no,visa_not_required,,90
LK,DK,yes,eta_required,https://www.eta.gov.lk/slvisa/visainfo/center.jsp?lang=en&locale=en_US,30
BE,DK,no,visa_not_required,,90
GR,DK,no,visa_not_required,,90
NZ,DK,no,visa_not_required,,90
RU,DK,yes,evisa_required,https://evisa.kdmid.ru/,16
MM,DK,yes,evisa_required,https://evisa.moip.gov.mm/,28
DK,DK,no,visa_not_required,,
MO,DK,no,visa_not_required,,30
LA,DK,yes,evisa_or_visa_on_arrival,https://laoevisa.gov.la/,30
FR,DK,no,visa_not_required,,90
NL,DK,no,visa_not_required,,90
SG,MO,no,visa_not_required,,30
HK,MO,no,visa_not_required,,365
GB,MO,no,visa_not_required,,180
CA,MO,no,visa_not_required,,180
ID,MO,no,visa_not_required,,30
VN,MO,yes,evisa_required,https://evisa.gov.vn/,90
IN,MO,yes,visa_required,,30
TW,MO,no,visa_not_required,,30
AU,MO,no,visa_not_required,,90
AT,MO,no,visa_not_required,,90
MY,MO,no,visa_not_required,,90
CN,MO,no,visa_not_required,,7
JP,MO,no,visa_not_required,,90
SA,MO,yes,evisa_or_visa_on_arrival,https://visa.visitsaudi.com/,90
TH,MO,no,visa_not_required,,30
BN,MO,no,visa_not_required,,14
ZA,MO,no,visa_not_required,,90
BD,MO,yes,visa_on_arrival,,30
KH,MO,yes,evisa_or_visa_on_arrival,https://www.evisa.gov.kh/,30
US,MO,no,visa_not_required,,90
MV,MO,yes,visa_on_arrival,,30
PH,MO,no,visa_not_required,,30
KR,MO,no,visa_not_required,,90
CH,MO,no,visa_not_required,,90
DE,MO,no,visa_not_required,,90
IT,MO,no,visa_not_required,,90
AE,MO,no,visa_not_required,,90
NP,MO,yes,visa_required,,90
TR,MO,no,visa_not_required,,90
ES,MO,no,visa_not_required,,90
LK,MO,yes,eta_required,https://www.eta.gov.lk/slvisa/visainfo/center.jsp?lang=en&locale=en_US,30
BE,MO,no,visa_not_required,,90
GR,MO,no,visa_not_required,,90
NZ,MO,no,visa_not_required,,90
RU,MO,yes,evisa_required,https://evisa.kdmid.ru/,16
MM,MO,yes,visa_on_arrival,,30
DK,MO,no,visa_not_required,,90
MO,MO,no,visa_not_required,,
LA,MO,yes,evisa_or_visa_on_arrival,https://laoevisa.gov.la/,30
FR,MO,no,visa_not_required,,90
NL,MO,no,visa_not_required,,90
SG,LA,no,visa_not_required,,30
HK,LA,yes,visa_required,,14
GB,LA,yes,evisa_or_visa_on_arrival,https://www.gov.uk/eta/apply,30
CA,LA,yes,evisa_or_visa_on_arrival,https://www.canada.ca/en/immigration-refugees-citizenship/services/visit-canada/eta/apply.html,30
ID,LA,no,visa_not_required,,30
VN,LA,no,visa_not_required,,30
IN,LA,yes,evisa_required,https://www.indianvisaonline.gov.in/evisa/tvoa.html,90
TW,LA,yes,visa_required,,30
AU,LA,yes,evisa_required,https://immi.homeaffairs.gov.au/help-support/applying-online-or-on-paper/online,30
AT,LA,yes,visa_required,,90
MY,LA,no,visa_not_required,,30
CN,LA,yes,visa_required,,30
JP,LA,yes,visa_required,,90
SA,LA,yes,evisa_or_visa_on_arrival,https://visa.visitsaudi.com/,30
TH,LA,no,visa_not_required,,30
BN,LA,no,visa_not_required,,14
ZA,LA,yes,visa_required,,90
BD,LA,yes,visa_on_arrival,,30
KH,LA,no,visa_not_required,,30
US,LA,yes,visa_required,,180
MV,LA,yes,visa_on_arrival,,30
PH,LA,yes,visa_required,,30
KR,LA,yes,visa_required,,90
CH,LA,yes,visa_required,,90
DE,LA,yes,visa_required,,90
IT,LA,yes,visa_required,,90
AE,LA,yes,visa_required,,30
NP,LA,yes,visa_required,,90
TR,LA,yes,visa_required,,90
ES,LA,yes,visa_required,,90
LK,LA,yes,eta_required,https://www.eta.gov.lk/slvisa/visainfo/center.jsp?lang=en&locale=en_US,30
BE,LA,yes,visa_required,,90
GR,LA,yes,visa_required,,90
NZ,LA,yes,visa_required,,180
RU,LA,yes,evisa_required,https://evisa.kdmid.ru/,16
MM,LA,no,visa_not_required,,14
DK,LA,yes,visa_required,,90
MO,LA,yes,visa_required,,30
LA,LA,no,visa_not_required,,
FR,LA,yes,visa_required,,90
NL,LA,yes,visa_required,,90
SG,FR,no,visa_not_required,,30
HK,FR,no,visa_not_required,,90
GB,FR,no,visa_not_required,,180
CA,FR,no,visa_not_required,,180
ID,FR,no,visa_not_required,,30
VN,FR,no,visa_not_required,,45
IN,FR,yes,evisa_required,https://www.indianvisaonline.gov.in/evisa/tvoa.html,90
TW,FR,no,visa_not_required,,90
AU,FR,no,visa_not_required,,90
AT,FR,no,visa_not_required,,90
MY,FR,no,visa_not_required,,90
CN,FR,no,visa_not_required,,30
JP,FR,no,visa_not_required,,90
SA,FR,yes,evisa_or_visa_on_arrival,https://visa.visitsaudi.com/,90
TH,FR,no,visa_not_required,,60
BN,FR,no,visa_not_required,,14
ZA,FR,no,visa_not_required,,90
BD,FR,yes,visa_on_arrival,,30
KH,FR,yes,evisa_or_visa_on_arrival,https://www.evisa.gov.kh/,30
US,FR,no,visa_not_required,,90
MV,FR,yes,visa_on_arrival,,30
PH,FR,no,visa_not_required,,30
KR,FR,no,visa_not_required,,90
CH,FR,no,visa_not_required,,90
DE,FR,no,visa_not_required,,90
IT,FR,no,visa_not_required,,90
AE,FR,no,visa_not_required,,90
NP,FR,yes,visa_required,,90
TR,FR,no,visa_not_required,,90
ES,FR,no,visa_not_required,,90
LK,FR,yes,eta_required,https://www.eta.gov.lk/slvisa/visainfo/center.jsp?lang=en&locale=en_US,30
BE,FR,no,visa_not_required,,90
GR,FR,no,visa_not_required,,90
NZ,FR,no,visa_not_required,,90
RU,FR,yes,evisa_required,https://evisa.kdmid.ru/,16
MM,FR,yes,evisa_required,https://evisa.moip.gov.mm/,28
DK,FR,no,visa_not_required,,90
MO,FR,no,visa_not_required,,30
LA,FR,yes,evisa_or_visa_on_arrival,https://laoevisa.gov.la/,30
FR,FR,no,visa_not_required,,
NL,FR,no,visa_not_required,,90
SG,NL,no,visa_not_required,,30
HK,NL,no,visa_not_required,,90
GB,NL,no,visa_not_required,,180
CA,NL,no,visa_not_required,,180
ID,NL,no,visa_not_required,,30
VN,NL,no,visa_not_required,,45
IN,NL,yes,evisa_required,https://www.indianvisaonline.gov.in/evisa/tvoa.html,90
TW,NL,no,visa_not_required,,90
AU,NL,no,visa_not_required,,90
AT,NL,no,visa_not_required,,90
MY,NL,no,visa_not_required,,90
CN,NL,no,visa_not_required,,30
JP,NL,no,visa_not_required,,90
SA,NL,yes,evisa_or_visa_on_arrival,https://visa.visitsaudi.com/,90
TH,NL,no,visa_not_required,,60
BN,NL,no,visa_not_required,,14
ZA,NL,no,visa_not_required,,90
BD,NL,yes,visa_on_arrival,,30
KH,NL,yes,evisa_or_visa_on_arrival,https://www.evisa.gov.kh/,30
US,NL,no,visa_not_required,,90
MV,NL,yes,visa_on_arrival,,30
PH,NL,no,visa_not_required,,30
KR,NL,no,visa_not_required,,90
CH,NL,no,visa_not_required,,90
DE,NL,no,visa_not_required,,90
IT,NL,no,visa_not_required,,90
AE,NL,no,visa_not_required,,90
NP,NL,yes,visa_required,,90
TR,NL,no,visa_not_required,,90
ES,NL,no,visa_not_required,,90
LK,NL,yes,eta_required,https://www.eta.gov.lk/slvisa/visainfo/center.jsp?lang=en&locale=en_US,30
BE,NL,no,visa_not_required,,90
GR,NL,no,visa_not_required,,90
NZ,NL,no,visa_not_required,,90
RU,NL,yes,evisa_required,https://evisa.kdmid.ru/,16
MM,NL,yes,evisa_required,https://evisa.moip.gov.mm/,28
DK,NL,no,visa_not_required,,90
MO,NL,no,visa_not_required,,30
LA,NL,yes,evisa_or_visa_on_arrival,https://laoevisa.gov.la/,30
FR,NL,no,visa_not_required,,90
NL,NL,no,visa_not_required,,
